"date","value","id"
"2020-01-01",11.9156924733823,"tages_distanz_median_italienische_Schweiz"
"2020-01-02",22.8245821058574,"tages_distanz_median_italienische_Schweiz"
"2020-01-03",16.6385917685274,"tages_distanz_median_italienische_Schweiz"
"2020-01-04",19.1286335065755,"tages_distanz_median_italienische_Schweiz"
"2020-01-05",14.4118678574057,"tages_distanz_median_italienische_Schweiz"
"2020-01-06",15.1452548036221,"tages_distanz_median_italienische_Schweiz"
"2020-01-07",17.3961122064241,"tages_distanz_median_italienische_Schweiz"
"2020-01-08",13.3537172732289,"tages_distanz_median_italienische_Schweiz"
"2020-01-09",19.7646405279623,"tages_distanz_median_italienische_Schweiz"
"2020-01-10",20.4007973140372,"tages_distanz_median_italienische_Schweiz"
"2020-01-11",17.9036204581208,"tages_distanz_median_italienische_Schweiz"
"2020-01-12",17.1986014509787,"tages_distanz_median_italienische_Schweiz"
"2020-01-13",21.366463163327,"tages_distanz_median_italienische_Schweiz"
"2020-01-14",25.3256993293054,"tages_distanz_median_italienische_Schweiz"
"2020-01-15",19.0301816974854,"tages_distanz_median_italienische_Schweiz"
"2020-01-16",23.4606408457303,"tages_distanz_median_italienische_Schweiz"
"2020-01-17",30.883987781788,"tages_distanz_median_italienische_Schweiz"
"2020-01-18",15.5251801390748,"tages_distanz_median_italienische_Schweiz"
"2020-01-19",11.5228197970118,"tages_distanz_median_italienische_Schweiz"
"2020-01-20",21.4160097101455,"tages_distanz_median_italienische_Schweiz"
"2020-01-21",20.8127734726692,"tages_distanz_median_italienische_Schweiz"
"2020-01-22",21.1075135119222,"tages_distanz_median_italienische_Schweiz"
"2020-01-23",19.3183296710973,"tages_distanz_median_italienische_Schweiz"
"2020-01-24",22.1334893384429,"tages_distanz_median_italienische_Schweiz"
"2020-01-25",26.7396334832017,"tages_distanz_median_italienische_Schweiz"
"2020-01-26",19.8636503857413,"tages_distanz_median_italienische_Schweiz"
"2020-01-27",24.9002788952298,"tages_distanz_median_italienische_Schweiz"
"2020-01-28",17.4440467691452,"tages_distanz_median_italienische_Schweiz"
"2020-01-29",15.636141055723,"tages_distanz_median_italienische_Schweiz"
"2020-01-30",24.2629782105046,"tages_distanz_median_italienische_Schweiz"
"2020-01-31",22.8533992770414,"tages_distanz_median_italienische_Schweiz"
"2020-02-01",15.6621771032447,"tages_distanz_median_italienische_Schweiz"
"2020-02-02",11.55301953572,"tages_distanz_median_italienische_Schweiz"
"2020-02-03",17.4703195438401,"tages_distanz_median_italienische_Schweiz"
"2020-02-04",20.1349719932097,"tages_distanz_median_italienische_Schweiz"
"2020-02-05",20.1728386575977,"tages_distanz_median_italienische_Schweiz"
"2020-02-06",19.8475865817549,"tages_distanz_median_italienische_Schweiz"
"2020-02-07",25.3448103018561,"tages_distanz_median_italienische_Schweiz"
"2020-02-08",22.9861493953421,"tages_distanz_median_italienische_Schweiz"
"2020-02-09",13.7714210938907,"tages_distanz_median_italienische_Schweiz"
"2020-02-10",13.4642732735738,"tages_distanz_median_italienische_Schweiz"
"2020-02-11",19.4188836552006,"tages_distanz_median_italienische_Schweiz"
"2020-02-12",18.2027533577518,"tages_distanz_median_italienische_Schweiz"
"2020-02-13",22.5987738721458,"tages_distanz_median_italienische_Schweiz"
"2020-02-14",27.6361480283553,"tages_distanz_median_italienische_Schweiz"
"2020-02-15",28.8916814075535,"tages_distanz_median_italienische_Schweiz"
"2020-02-16",16.0647418824076,"tages_distanz_median_italienische_Schweiz"
"2020-02-17",11.3057856865189,"tages_distanz_median_italienische_Schweiz"
"2020-02-18",20.6593182657836,"tages_distanz_median_italienische_Schweiz"
"2020-02-19",14.8617161365115,"tages_distanz_median_italienische_Schweiz"
"2020-02-20",26.0469764292683,"tages_distanz_median_italienische_Schweiz"
"2020-02-21",19.5700314977416,"tages_distanz_median_italienische_Schweiz"
"2020-02-22",14.7665710210923,"tages_distanz_median_italienische_Schweiz"
"2020-02-23",5.28514437664242,"tages_distanz_median_italienische_Schweiz"
"2020-02-24",12.3655642414903,"tages_distanz_median_italienische_Schweiz"
"2020-02-25",16.8697725182681,"tages_distanz_median_italienische_Schweiz"
"2020-02-26",14.6163949250413,"tages_distanz_median_italienische_Schweiz"
"2020-02-27",14.9278975757655,"tages_distanz_median_italienische_Schweiz"
"2020-02-28",15.7601216089232,"tages_distanz_median_italienische_Schweiz"
"2020-02-29",17.2199108750249,"tages_distanz_median_italienische_Schweiz"
"2020-03-01",6.82536240482962,"tages_distanz_median_italienische_Schweiz"
"2020-03-02",15.9869426844555,"tages_distanz_median_italienische_Schweiz"
"2020-03-03",15.3797801228179,"tages_distanz_median_italienische_Schweiz"
"2020-03-04",18.3522464994732,"tages_distanz_median_italienische_Schweiz"
"2020-03-05",17.1880122704128,"tages_distanz_median_italienische_Schweiz"
"2020-03-06",17.6899611349576,"tages_distanz_median_italienische_Schweiz"
"2020-03-07",19.6131815691678,"tages_distanz_median_italienische_Schweiz"
"2020-03-08",10.0775031186228,"tages_distanz_median_italienische_Schweiz"
"2020-03-09",16.7986322937438,"tages_distanz_median_italienische_Schweiz"
"2020-03-10",15.6195984935813,"tages_distanz_median_italienische_Schweiz"
"2020-03-11",14.7970835396782,"tages_distanz_median_italienische_Schweiz"
"2020-03-12",12.5574324580984,"tages_distanz_median_italienische_Schweiz"
"2020-03-13",12.3673444435797,"tages_distanz_median_italienische_Schweiz"
"2020-03-14",9.09974460838522,"tages_distanz_median_italienische_Schweiz"
"2020-03-15",2.14055735753745,"tages_distanz_median_italienische_Schweiz"
"2020-03-16",8.07846511138352,"tages_distanz_median_italienische_Schweiz"
"2020-03-17",9.98687602371336,"tages_distanz_median_italienische_Schweiz"
"2020-03-18",7.99625582955145,"tages_distanz_median_italienische_Schweiz"
"2020-03-19",2.2047032579752,"tages_distanz_median_italienische_Schweiz"
"2020-03-20",5.5882241753212,"tages_distanz_median_italienische_Schweiz"
"2020-03-21",2.10407315934473,"tages_distanz_median_italienische_Schweiz"
"2020-03-22",1.08553324911778,"tages_distanz_median_italienische_Schweiz"
"2020-03-23",7.09938747439738,"tages_distanz_median_italienische_Schweiz"
"2020-03-24",5.00281735662913,"tages_distanz_median_italienische_Schweiz"
"2020-03-25",3.96765353588568,"tages_distanz_median_italienische_Schweiz"
"2020-03-26",5.54157685957322,"tages_distanz_median_italienische_Schweiz"
"2020-03-27",3.59491593285267,"tages_distanz_median_italienische_Schweiz"
"2020-03-28",7.92059124193412,"tages_distanz_median_italienische_Schweiz"
"2020-03-29",1.07120127802727,"tages_distanz_median_italienische_Schweiz"
"2020-03-30",2.44992599444765,"tages_distanz_median_italienische_Schweiz"
"2020-03-31",4.69386880364941,"tages_distanz_median_italienische_Schweiz"
"2020-04-01",4.1256441217046,"tages_distanz_median_italienische_Schweiz"
"2020-04-02",6.86084975997958,"tages_distanz_median_italienische_Schweiz"
"2020-04-03",7.26398127973499,"tages_distanz_median_italienische_Schweiz"
"2020-04-04",5.19724056519881,"tages_distanz_median_italienische_Schweiz"
"2020-04-05",2.19681928844997,"tages_distanz_median_italienische_Schweiz"
"2020-04-06",5.25816744014969,"tages_distanz_median_italienische_Schweiz"
"2020-04-07",3.97846244220804,"tages_distanz_median_italienische_Schweiz"
"2020-04-08",7.28225627870166,"tages_distanz_median_italienische_Schweiz"
"2020-04-09",5.66321045664644,"tages_distanz_median_italienische_Schweiz"
"2020-04-10",7.16181116377147,"tages_distanz_median_italienische_Schweiz"
"2020-04-11",6.86560259169293,"tages_distanz_median_italienische_Schweiz"
"2020-04-12",1.81550025122485,"tages_distanz_median_italienische_Schweiz"
"2020-04-13",2.3632328572837,"tages_distanz_median_italienische_Schweiz"
"2020-04-14",6.45936411086338,"tages_distanz_median_italienische_Schweiz"
"2020-04-15",8.31096146659326,"tages_distanz_median_italienische_Schweiz"
"2020-04-16",6.55890651174406,"tages_distanz_median_italienische_Schweiz"
"2020-04-17",9.09921828345841,"tages_distanz_median_italienische_Schweiz"
"2020-04-18",5.74536138219565,"tages_distanz_median_italienische_Schweiz"
"2020-04-19",4.99978468776858,"tages_distanz_median_italienische_Schweiz"
"2020-04-20",6.96530470072045,"tages_distanz_median_italienische_Schweiz"
"2020-04-21",9.04129248111215,"tages_distanz_median_italienische_Schweiz"
"2020-04-22",8.61958871551767,"tages_distanz_median_italienische_Schweiz"
"2020-04-23",9.12863645767137,"tages_distanz_median_italienische_Schweiz"
"2020-04-24",9.51459054049361,"tages_distanz_median_italienische_Schweiz"
"2020-04-25",8.54218393645768,"tages_distanz_median_italienische_Schweiz"
"2020-04-26",2.77175239340036,"tages_distanz_median_italienische_Schweiz"
"2020-04-27",8.43231204186928,"tages_distanz_median_italienische_Schweiz"
"2020-04-28",8.31481425057815,"tages_distanz_median_italienische_Schweiz"
"2020-04-29",13.8434518809144,"tages_distanz_median_italienische_Schweiz"
"2020-04-30",8.93043320504978,"tages_distanz_median_italienische_Schweiz"
"2020-05-01",4.52286730851577,"tages_distanz_median_italienische_Schweiz"
"2020-05-02",9.46014138600857,"tages_distanz_median_italienische_Schweiz"
"2020-05-03",7.62233162339707,"tages_distanz_median_italienische_Schweiz"
"2020-05-04",11.154334465919,"tages_distanz_median_italienische_Schweiz"
"2020-05-05",10.4164976851138,"tages_distanz_median_italienische_Schweiz"
"2020-05-06",11.9610959440996,"tages_distanz_median_italienische_Schweiz"
"2020-05-07",9.99511605955501,"tages_distanz_median_italienische_Schweiz"
"2020-05-08",12.5384052580127,"tages_distanz_median_italienische_Schweiz"
"2020-05-09",11.23946462608,"tages_distanz_median_italienische_Schweiz"
"2020-05-10",7.14342289479083,"tages_distanz_median_italienische_Schweiz"
"2020-05-11",12.0040793800494,"tages_distanz_median_italienische_Schweiz"
"2020-05-12",11.9822346133747,"tages_distanz_median_italienische_Schweiz"
"2020-05-13",11.064082056306,"tages_distanz_median_italienische_Schweiz"
"2020-05-14",12.9783836056572,"tages_distanz_median_italienische_Schweiz"
"2020-05-15",10.8307322915065,"tages_distanz_median_italienische_Schweiz"
"2020-05-16",13.7493209347246,"tages_distanz_median_italienische_Schweiz"
"2020-05-17",8.4694037882513,"tages_distanz_median_italienische_Schweiz"
"2020-05-18",16.1856257170302,"tages_distanz_median_italienische_Schweiz"
"2020-05-19",13.9186683709893,"tages_distanz_median_italienische_Schweiz"
"2020-05-20",21.3822821855981,"tages_distanz_median_italienische_Schweiz"
"2020-05-21",14.7301170955486,"tages_distanz_median_italienische_Schweiz"
"2020-05-22",17.7105967068002,"tages_distanz_median_italienische_Schweiz"
"2020-05-23",12.0957190928872,"tages_distanz_median_italienische_Schweiz"
"2020-05-24",13.283171808972,"tages_distanz_median_italienische_Schweiz"
"2020-05-25",11.7389806145679,"tages_distanz_median_italienische_Schweiz"
"2020-05-26",16.0193873723352,"tages_distanz_median_italienische_Schweiz"
"2020-05-27",15.276464775059,"tages_distanz_median_italienische_Schweiz"
"2020-05-28",20.9203168586684,"tages_distanz_median_italienische_Schweiz"
"2020-05-29",22.7790664552625,"tages_distanz_median_italienische_Schweiz"
"2020-05-30",15.8572973812638,"tages_distanz_median_italienische_Schweiz"
"2020-05-31",12.0163995856703,"tages_distanz_median_italienische_Schweiz"
"2020-06-01",17.3427585123489,"tages_distanz_median_italienische_Schweiz"
"2020-06-02",14.4256777821728,"tages_distanz_median_italienische_Schweiz"
"2020-06-03",17.3236889018775,"tages_distanz_median_italienische_Schweiz"
"2020-06-04",17.568740151008,"tages_distanz_median_italienische_Schweiz"
"2020-06-05",24.3228801192581,"tages_distanz_median_italienische_Schweiz"
"2020-06-06",20.9536074242,"tages_distanz_median_italienische_Schweiz"
"2020-06-07",4.77501079938414,"tages_distanz_median_italienische_Schweiz"
"2020-06-08",17.0189213476774,"tages_distanz_median_italienische_Schweiz"
"2020-06-09",17.6971506841381,"tages_distanz_median_italienische_Schweiz"
"2020-06-10",18.222680484764,"tages_distanz_median_italienische_Schweiz"
"2020-06-11",8.79027535503067,"tages_distanz_median_italienische_Schweiz"
"2020-06-12",23.7256294013276,"tages_distanz_median_italienische_Schweiz"
"2020-06-13",17.4216609256975,"tages_distanz_median_italienische_Schweiz"
"2020-06-14",12.6521322829749,"tages_distanz_median_italienische_Schweiz"
"2020-06-15",19.1744515775895,"tages_distanz_median_italienische_Schweiz"
"2020-06-16",21.4339882610744,"tages_distanz_median_italienische_Schweiz"
"2020-06-17",18.717004530614,"tages_distanz_median_italienische_Schweiz"
"2020-06-18",28.1873970281774,"tages_distanz_median_italienische_Schweiz"
"2020-06-19",20.8592639320831,"tages_distanz_median_italienische_Schweiz"
"2020-06-20",20.6690262150717,"tages_distanz_median_italienische_Schweiz"
"2020-06-21",22.9601551865461,"tages_distanz_median_italienische_Schweiz"
"2020-06-22",20.7986539751336,"tages_distanz_median_italienische_Schweiz"
"2020-06-23",22.3113777528043,"tages_distanz_median_italienische_Schweiz"
"2020-06-24",21.2545775816341,"tages_distanz_median_italienische_Schweiz"
"2020-06-25",28.8742985327605,"tages_distanz_median_italienische_Schweiz"
"2020-06-26",34.2558819500976,"tages_distanz_median_italienische_Schweiz"
"2020-06-27",21.5978487675349,"tages_distanz_median_italienische_Schweiz"
"2020-06-28",22.7700106069365,"tages_distanz_median_italienische_Schweiz"
"2020-06-29",19.377114208639,"tages_distanz_median_italienische_Schweiz"
"2020-06-30",28.1942199086113,"tages_distanz_median_italienische_Schweiz"
"2020-07-01",20.7081954245294,"tages_distanz_median_italienische_Schweiz"
"2020-07-02",30.883600536535,"tages_distanz_median_italienische_Schweiz"
"2020-07-03",18.2849035527989,"tages_distanz_median_italienische_Schweiz"
"2020-07-04",23.2283257297734,"tages_distanz_median_italienische_Schweiz"
"2020-07-05",20.0560283733486,"tages_distanz_median_italienische_Schweiz"
"2020-07-06",22.2778083479829,"tages_distanz_median_italienische_Schweiz"
"2020-07-07",21.5659443736156,"tages_distanz_median_italienische_Schweiz"
"2020-07-08",20.3242161056783,"tages_distanz_median_italienische_Schweiz"
"2020-07-09",22.4988160433274,"tages_distanz_median_italienische_Schweiz"
"2020-07-10",23.5165207794633,"tages_distanz_median_italienische_Schweiz"
"2020-07-11",21.8552531527926,"tages_distanz_median_italienische_Schweiz"
"2020-07-12",30.1124854570906,"tages_distanz_median_italienische_Schweiz"
"2020-07-13",14.9148378371548,"tages_distanz_median_italienische_Schweiz"
"2020-07-14",22.7303162622776,"tages_distanz_median_italienische_Schweiz"
"2020-07-15",20.7106030418951,"tages_distanz_median_italienische_Schweiz"
"2020-07-16",22.8928534047198,"tages_distanz_median_italienische_Schweiz"
"2020-07-17",26.2080145789144,"tages_distanz_median_italienische_Schweiz"
"2020-07-18",24.3498093438119,"tages_distanz_median_italienische_Schweiz"
"2020-07-19",20.1694271575236,"tages_distanz_median_italienische_Schweiz"
"2020-07-20",21.2588841958233,"tages_distanz_median_italienische_Schweiz"
"2020-07-21",22.8833741638545,"tages_distanz_median_italienische_Schweiz"
"2020-07-22",23.5571069991535,"tages_distanz_median_italienische_Schweiz"
"2020-07-23",21.5391206616856,"tages_distanz_median_italienische_Schweiz"
"2020-07-24",27.0143924376305,"tages_distanz_median_italienische_Schweiz"
"2020-07-25",30.5871026292264,"tages_distanz_median_italienische_Schweiz"
"2020-07-26",21.5403001623947,"tages_distanz_median_italienische_Schweiz"
"2020-07-27",28.1165352547133,"tages_distanz_median_italienische_Schweiz"
"2020-07-28",20.7443288713364,"tages_distanz_median_italienische_Schweiz"
"2020-07-29",26.3973309524399,"tages_distanz_median_italienische_Schweiz"
"2020-07-30",29.2306706002599,"tages_distanz_median_italienische_Schweiz"
"2020-07-31",31.1715846152406,"tages_distanz_median_italienische_Schweiz"
"2020-08-01",13.6196735533694,"tages_distanz_median_italienische_Schweiz"
"2020-08-02",24.2639416559397,"tages_distanz_median_italienische_Schweiz"
"2020-08-03",22.8441169717501,"tages_distanz_median_italienische_Schweiz"
"2020-08-04",28.8518599341342,"tages_distanz_median_italienische_Schweiz"
"2020-08-05",19.3249789634099,"tages_distanz_median_italienische_Schweiz"
"2020-08-06",28.5917584972019,"tages_distanz_median_italienische_Schweiz"
"2020-08-07",27.4259180255276,"tages_distanz_median_italienische_Schweiz"
"2020-08-08",25.0267615285131,"tages_distanz_median_italienische_Schweiz"
"2020-08-09",26.1116722597297,"tages_distanz_median_italienische_Schweiz"
"2020-08-10",25.3009094216733,"tages_distanz_median_italienische_Schweiz"
"2020-08-11",25.5697448381829,"tages_distanz_median_italienische_Schweiz"
"2020-08-12",26.2709950945616,"tages_distanz_median_italienische_Schweiz"
"2020-08-13",26.1606587090726,"tages_distanz_median_italienische_Schweiz"
"2020-08-14",31.2630139015283,"tages_distanz_median_italienische_Schweiz"
"2020-08-15",23.4265319073396,"tages_distanz_median_italienische_Schweiz"
"2020-08-16",20.9302850492802,"tages_distanz_median_italienische_Schweiz"
"2020-08-17",21.4446956873758,"tages_distanz_median_italienische_Schweiz"
"2020-08-18",22.5899364792938,"tages_distanz_median_italienische_Schweiz"
"2020-08-19",23.2051405912966,"tages_distanz_median_italienische_Schweiz"
"2020-08-20",29.3594414463183,"tages_distanz_median_italienische_Schweiz"
"2020-08-21",29.7877213592852,"tages_distanz_median_italienische_Schweiz"
"2020-08-22",24.7329339635716,"tages_distanz_median_italienische_Schweiz"
"2020-08-23",21.5401831344988,"tages_distanz_median_italienische_Schweiz"
"2020-08-24",22.7705090978683,"tages_distanz_median_italienische_Schweiz"
"2020-08-25",28.6802647018549,"tages_distanz_median_italienische_Schweiz"
"2020-08-26",25.2326170437584,"tages_distanz_median_italienische_Schweiz"
"2020-08-27",29.5857725710172,"tages_distanz_median_italienische_Schweiz"
"2020-08-28",19.6580339258218,"tages_distanz_median_italienische_Schweiz"
"2020-08-29",13.4824289406795,"tages_distanz_median_italienische_Schweiz"
"2020-08-30",8.79097166059228,"tages_distanz_median_italienische_Schweiz"
"2020-08-31",21.0664674413781,"tages_distanz_median_italienische_Schweiz"
"2020-09-01",21.1535393911033,"tages_distanz_median_italienische_Schweiz"
"2020-09-02",18.5717402045033,"tages_distanz_median_italienische_Schweiz"
"2020-09-03",23.8101994794486,"tages_distanz_median_italienische_Schweiz"
"2020-09-04",23.1041878511302,"tages_distanz_median_italienische_Schweiz"
"2020-09-05",29.0706893202907,"tages_distanz_median_italienische_Schweiz"
"2020-09-06",17.3964431752676,"tages_distanz_median_italienische_Schweiz"
"2020-09-07",15.0252880729919,"tages_distanz_median_italienische_Schweiz"
"2020-09-08",21.1670377752616,"tages_distanz_median_italienische_Schweiz"
"2020-09-09",24.229769127194,"tages_distanz_median_italienische_Schweiz"
"2020-09-10",27.073425440329,"tages_distanz_median_italienische_Schweiz"
"2020-09-11",29.7595960107604,"tages_distanz_median_italienische_Schweiz"
"2020-09-12",27.86194483401,"tages_distanz_median_italienische_Schweiz"
"2020-09-13",24.5995536296842,"tages_distanz_median_italienische_Schweiz"
"2020-09-14",19.3718014711258,"tages_distanz_median_italienische_Schweiz"
"2020-09-15",21.8255370737825,"tages_distanz_median_italienische_Schweiz"
"2020-09-16",21.8414159938245,"tages_distanz_median_italienische_Schweiz"
"2020-09-17",23.0791076782541,"tages_distanz_median_italienische_Schweiz"
"2020-09-18",24.1496664120968,"tages_distanz_median_italienische_Schweiz"
"2020-09-19",21.2858092600879,"tages_distanz_median_italienische_Schweiz"
"2020-09-20",14.1239021691262,"tages_distanz_median_italienische_Schweiz"
"2020-09-21",13.5771527058997,"tages_distanz_median_italienische_Schweiz"
"2020-09-22",19.0312246863291,"tages_distanz_median_italienische_Schweiz"
"2020-09-23",22.3020630315233,"tages_distanz_median_italienische_Schweiz"
"2020-09-24",23.8787814931248,"tages_distanz_median_italienische_Schweiz"
"2020-09-25",19.9982289198365,"tages_distanz_median_italienische_Schweiz"
"2020-09-26",19.0331087189049,"tages_distanz_median_italienische_Schweiz"
"2020-09-27",13.940573749877,"tages_distanz_median_italienische_Schweiz"
"2020-09-28",18.9263040814201,"tages_distanz_median_italienische_Schweiz"
"2020-09-29",27.6624643141453,"tages_distanz_median_italienische_Schweiz"
"2020-09-30",20.6350954018457,"tages_distanz_median_italienische_Schweiz"
"2020-10-01",21.2838992446675,"tages_distanz_median_italienische_Schweiz"
"2020-10-02",18.0193533281714,"tages_distanz_median_italienische_Schweiz"
"2020-10-03",11.3919608319741,"tages_distanz_median_italienische_Schweiz"
"2020-10-04",13.3701849324309,"tages_distanz_median_italienische_Schweiz"
"2020-10-05",17.296197229831,"tages_distanz_median_italienische_Schweiz"
"2020-10-06",23.9376184111564,"tages_distanz_median_italienische_Schweiz"
"2020-10-07",24.7836402794675,"tages_distanz_median_italienische_Schweiz"
"2020-10-08",21.4547847485099,"tages_distanz_median_italienische_Schweiz"
"2020-10-09",27.2679558569073,"tages_distanz_median_italienische_Schweiz"
"2020-10-10",15.6369361330187,"tages_distanz_median_italienische_Schweiz"
"2020-10-11",13.1709037322245,"tages_distanz_median_italienische_Schweiz"
"2020-10-12",19.1370463136032,"tages_distanz_median_italienische_Schweiz"
"2020-10-13",18.410248057476,"tages_distanz_median_italienische_Schweiz"
"2020-10-14",23.6408320469823,"tages_distanz_median_italienische_Schweiz"
"2020-10-15",16.3829941552992,"tages_distanz_median_italienische_Schweiz"
"2020-10-16",19.5907661439628,"tages_distanz_median_italienische_Schweiz"
"2020-10-17",18.8817692013993,"tages_distanz_median_italienische_Schweiz"
"2020-10-18",11.5052687728487,"tages_distanz_median_italienische_Schweiz"
"2020-10-19",15.4394475661728,"tages_distanz_median_italienische_Schweiz"
"2020-10-20",18.3650853508121,"tages_distanz_median_italienische_Schweiz"
"2020-10-21",21.4587781041613,"tages_distanz_median_italienische_Schweiz"
"2020-10-22",14.067628883418,"tages_distanz_median_italienische_Schweiz"
"2020-10-23",24.2792853812193,"tages_distanz_median_italienische_Schweiz"
"2020-10-24",17.6409859816456,"tages_distanz_median_italienische_Schweiz"
"2020-10-25",14.5631714706061,"tages_distanz_median_italienische_Schweiz"
"2020-10-26",13.1516287558801,"tages_distanz_median_italienische_Schweiz"
"2020-10-27",18.7939755840269,"tages_distanz_median_italienische_Schweiz"
"2020-10-28",16.5479994874998,"tages_distanz_median_italienische_Schweiz"
"2020-10-29",19.2109823640123,"tages_distanz_median_italienische_Schweiz"
"2020-10-30",21.7296449264056,"tages_distanz_median_italienische_Schweiz"
"2020-10-31",12.90574451115,"tages_distanz_median_italienische_Schweiz"
"2020-11-01",9.64667243796679,"tages_distanz_median_italienische_Schweiz"
"2020-11-02",13.4085546235291,"tages_distanz_median_italienische_Schweiz"
"2020-11-03",12.4733730242635,"tages_distanz_median_italienische_Schweiz"
"2020-11-04",16.2050486416386,"tages_distanz_median_italienische_Schweiz"
"2020-11-05",17.3622337946307,"tages_distanz_median_italienische_Schweiz"
"2020-11-06",14.2292998908548,"tages_distanz_median_italienische_Schweiz"
"2020-11-07",14.4605028092001,"tages_distanz_median_italienische_Schweiz"
"2020-11-08",6.1142749719632,"tages_distanz_median_italienische_Schweiz"
"2020-11-09",15.7061238085618,"tages_distanz_median_italienische_Schweiz"
"2020-11-10",19.8338049855677,"tages_distanz_median_italienische_Schweiz"
"2020-11-11",11.4088186208668,"tages_distanz_median_italienische_Schweiz"
"2020-11-12",13.3390487464656,"tages_distanz_median_italienische_Schweiz"
"2020-11-13",15.540038728979,"tages_distanz_median_italienische_Schweiz"
"2020-11-14",12.9372011892988,"tages_distanz_median_italienische_Schweiz"
"2020-11-15",9.32704105723265,"tages_distanz_median_italienische_Schweiz"
"2020-11-16",11.7723665378819,"tages_distanz_median_italienische_Schweiz"
"2020-11-17",13.9309298463385,"tages_distanz_median_italienische_Schweiz"
"2020-11-18",16.3657239627952,"tages_distanz_median_italienische_Schweiz"
"2020-11-19",16.7990272242678,"tages_distanz_median_italienische_Schweiz"
"2020-11-20",18.5814254873191,"tages_distanz_median_italienische_Schweiz"
"2020-11-21",10.9733942129571,"tages_distanz_median_italienische_Schweiz"
"2020-11-22",6.59957949011091,"tages_distanz_median_italienische_Schweiz"
"2020-11-23",13.9236299749185,"tages_distanz_median_italienische_Schweiz"
"2020-11-24",16.2201780070906,"tages_distanz_median_italienische_Schweiz"
"2020-11-25",19.7451555676286,"tages_distanz_median_italienische_Schweiz"
"2020-11-26",20.5324910948159,"tages_distanz_median_italienische_Schweiz"
"2020-11-27",18.8325157748146,"tages_distanz_median_italienische_Schweiz"
"2020-11-28",13.9077852960049,"tages_distanz_median_italienische_Schweiz"
"2020-11-29",6.06197250558433,"tages_distanz_median_italienische_Schweiz"
"2020-11-30",15.0756558788793,"tages_distanz_median_italienische_Schweiz"
"2020-12-01",15.2557914117406,"tages_distanz_median_italienische_Schweiz"
"2020-12-02",12.9485616119311,"tages_distanz_median_italienische_Schweiz"
"2020-12-03",20.6370018777013,"tages_distanz_median_italienische_Schweiz"
"2020-12-04",7.38160449948084,"tages_distanz_median_italienische_Schweiz"
"2020-12-05",9.58995446072581,"tages_distanz_median_italienische_Schweiz"
"2020-12-06",2.72088714759797,"tages_distanz_median_italienische_Schweiz"
"2020-12-07",10.7915396048013,"tages_distanz_median_italienische_Schweiz"
"2020-12-08",5.1571679562765,"tages_distanz_median_italienische_Schweiz"
"2020-12-09",13.5833351789597,"tages_distanz_median_italienische_Schweiz"
"2020-12-10",19.7895394156273,"tages_distanz_median_italienische_Schweiz"
"2020-12-11",22.5284658709288,"tages_distanz_median_italienische_Schweiz"
"2020-12-12",11.7493763538044,"tages_distanz_median_italienische_Schweiz"
"2020-12-13",7.62687743860706,"tages_distanz_median_italienische_Schweiz"
"2020-12-14",17.1728102013209,"tages_distanz_median_italienische_Schweiz"
"2020-12-15",17.7835594455923,"tages_distanz_median_italienische_Schweiz"
"2020-12-16",14.0125633383283,"tages_distanz_median_italienische_Schweiz"
"2020-12-17",16.474203561373,"tages_distanz_median_italienische_Schweiz"
"2020-12-18",23.5258487887344,"tages_distanz_median_italienische_Schweiz"
"2020-12-19",11.5264594085784,"tages_distanz_median_italienische_Schweiz"
"2020-12-20",5.30188545430204,"tages_distanz_median_italienische_Schweiz"
"2020-12-21",18.1338734578511,"tages_distanz_median_italienische_Schweiz"
"2020-12-22",21.0301936335442,"tages_distanz_median_italienische_Schweiz"
"2020-12-23",23.5020895682446,"tages_distanz_median_italienische_Schweiz"
"2020-12-24",13.5050877626846,"tages_distanz_median_italienische_Schweiz"
"2020-12-25",5.28147906171097,"tages_distanz_median_italienische_Schweiz"
"2020-12-26",6.50603468409154,"tages_distanz_median_italienische_Schweiz"
"2020-12-27",4.98716454290325,"tages_distanz_median_italienische_Schweiz"
"2020-12-28",7.28771398235527,"tages_distanz_median_italienische_Schweiz"
"2020-12-29",10.2519437252377,"tages_distanz_median_italienische_Schweiz"
"2020-12-30",19.0144196686305,"tages_distanz_median_italienische_Schweiz"
"2020-12-31",13.0542177257643,"tages_distanz_median_italienische_Schweiz"
"2021-01-01",2.11594869179434,"tages_distanz_median_italienische_Schweiz"
"2021-01-02",7.28089509246784,"tages_distanz_median_italienische_Schweiz"
"2021-01-03",3.43788307953585,"tages_distanz_median_italienische_Schweiz"
"2021-01-04",12.2803946468855,"tages_distanz_median_italienische_Schweiz"
"2021-01-05",13.2185212357614,"tages_distanz_median_italienische_Schweiz"
"2021-01-06",3.88818533387681,"tages_distanz_median_italienische_Schweiz"
"2021-01-07",19.2856769177384,"tages_distanz_median_italienische_Schweiz"
"2021-01-08",13.4361792539074,"tages_distanz_median_italienische_Schweiz"
"2021-01-09",14.7117864509649,"tages_distanz_median_italienische_Schweiz"
"2021-01-10",5.17878442371243,"tages_distanz_median_italienische_Schweiz"
"2021-01-11",16.5241935808052,"tages_distanz_median_italienische_Schweiz"
"2021-01-12",13.3425534805209,"tages_distanz_median_italienische_Schweiz"
"2021-01-13",14.9496577119835,"tages_distanz_median_italienische_Schweiz"
"2021-01-14",13.5363565763525,"tages_distanz_median_italienische_Schweiz"
"2021-01-15",12.4970001704372,"tages_distanz_median_italienische_Schweiz"
"2021-01-16",12.4959848930363,"tages_distanz_median_italienische_Schweiz"
"2021-01-17",5.88573677983937,"tages_distanz_median_italienische_Schweiz"
"2021-01-18",12.0289593162852,"tages_distanz_median_italienische_Schweiz"
"2021-01-19",10.5066347169067,"tages_distanz_median_italienische_Schweiz"
"2021-01-20",11.0844959523236,"tages_distanz_median_italienische_Schweiz"
"2021-01-21",12.8709857702793,"tages_distanz_median_italienische_Schweiz"
"2021-01-22",15.4225934332492,"tages_distanz_median_italienische_Schweiz"
"2021-01-23",16.1075752282107,"tages_distanz_median_italienische_Schweiz"
"2021-01-24",11.7872886646602,"tages_distanz_median_italienische_Schweiz"
"2021-01-25",11.6270762617102,"tages_distanz_median_italienische_Schweiz"
"2021-01-26",13.6256949210253,"tages_distanz_median_italienische_Schweiz"
"2021-01-27",7.27198301713938,"tages_distanz_median_italienische_Schweiz"
"2021-01-28",15.2745401634019,"tages_distanz_median_italienische_Schweiz"
"2021-01-29",19.7704164615056,"tages_distanz_median_italienische_Schweiz"
"2021-01-30",14.8333968681277,"tages_distanz_median_italienische_Schweiz"
"2021-01-31",8.2641858725621,"tages_distanz_median_italienische_Schweiz"
"2021-02-01",10.0651101212045,"tages_distanz_median_italienische_Schweiz"
"2021-02-02",16.1278973812572,"tages_distanz_median_italienische_Schweiz"
"2021-02-03",13.7616724497583,"tages_distanz_median_italienische_Schweiz"
"2021-02-04",14.8479463266913,"tages_distanz_median_italienische_Schweiz"
"2021-02-05",15.2725315113159,"tages_distanz_median_italienische_Schweiz"
"2021-02-06",11.9559378684619,"tages_distanz_median_italienische_Schweiz"
"2021-02-07",2.97279902390659,"tages_distanz_median_italienische_Schweiz"
"2021-02-08",11.981615609628,"tages_distanz_median_italienische_Schweiz"
"2021-02-09",14.6274451344916,"tages_distanz_median_italienische_Schweiz"
"2021-02-10",13.6943040319725,"tages_distanz_median_italienische_Schweiz"
"2021-02-11",22.3574309631714,"tages_distanz_median_italienische_Schweiz"
"2021-02-12",17.0418326692802,"tages_distanz_median_italienische_Schweiz"
"2021-02-13",11.9156117037708,"tages_distanz_median_italienische_Schweiz"
"2021-02-14",11.8620800672673,"tages_distanz_median_italienische_Schweiz"
"2021-02-15",9.2089561914557,"tages_distanz_median_italienische_Schweiz"
"2021-02-16",16.7426432643923,"tages_distanz_median_italienische_Schweiz"
"2021-02-17",19.0302887642208,"tages_distanz_median_italienische_Schweiz"
"2021-02-18",17.354152894793,"tages_distanz_median_italienische_Schweiz"
"2021-02-19",17.7836180433213,"tages_distanz_median_italienische_Schweiz"
"2021-02-20",16.3047501591238,"tages_distanz_median_italienische_Schweiz"
"2021-02-21",10.1721609498135,"tages_distanz_median_italienische_Schweiz"
"2021-02-22",11.6323903849843,"tages_distanz_median_italienische_Schweiz"
"2021-02-23",12.8140125836297,"tages_distanz_median_italienische_Schweiz"
"2021-02-24",12.9144366059368,"tages_distanz_median_italienische_Schweiz"
"2021-02-25",18.0094235986888,"tages_distanz_median_italienische_Schweiz"
"2021-02-26",16.9828698763073,"tages_distanz_median_italienische_Schweiz"
"2021-02-27",15.6852555123972,"tages_distanz_median_italienische_Schweiz"
"2021-02-28",9.10954887346778,"tages_distanz_median_italienische_Schweiz"
"2021-03-01",13.170589766655,"tages_distanz_median_italienische_Schweiz"
"2021-03-02",11.1543113016547,"tages_distanz_median_italienische_Schweiz"
"2021-03-03",17.0188316745085,"tages_distanz_median_italienische_Schweiz"
"2021-03-04",17.2945684163609,"tages_distanz_median_italienische_Schweiz"
"2021-03-05",21.2129401557663,"tages_distanz_median_italienische_Schweiz"
"2021-03-06",13.3948189445418,"tages_distanz_median_italienische_Schweiz"
"2021-03-07",9.50767260862127,"tages_distanz_median_italienische_Schweiz"
"2021-03-08",14.709604457832,"tages_distanz_median_italienische_Schweiz"
"2021-03-09",17.960910859299,"tages_distanz_median_italienische_Schweiz"
"2021-03-10",15.9039334228806,"tages_distanz_median_italienische_Schweiz"
"2021-03-11",23.177705090651,"tages_distanz_median_italienische_Schweiz"
"2021-03-12",21.4167188966025,"tages_distanz_median_italienische_Schweiz"
"2021-03-13",15.9057002935005,"tages_distanz_median_italienische_Schweiz"
"2021-03-14",8.58067101200873,"tages_distanz_median_italienische_Schweiz"
"2021-03-15",8.57135814661999,"tages_distanz_median_italienische_Schweiz"
"2021-03-16",21.1304975972353,"tages_distanz_median_italienische_Schweiz"
"2021-03-17",11.1467043805068,"tages_distanz_median_italienische_Schweiz"
"2021-03-18",22.1651669859288,"tages_distanz_median_italienische_Schweiz"
"2021-03-19",11.5828339093404,"tages_distanz_median_italienische_Schweiz"
"2021-03-20",14.7968995952281,"tages_distanz_median_italienische_Schweiz"
"2021-03-21",9.28479867684095,"tages_distanz_median_italienische_Schweiz"
"2021-03-22",10.2956324667027,"tages_distanz_median_italienische_Schweiz"
"2021-03-23",20.7837485251337,"tages_distanz_median_italienische_Schweiz"
"2021-03-24",13.491893011911,"tages_distanz_median_italienische_Schweiz"
"2021-03-25",22.654631740548,"tages_distanz_median_italienische_Schweiz"
"2021-03-26",14.228957811685,"tages_distanz_median_italienische_Schweiz"
"2021-03-27",14.2083781022838,"tages_distanz_median_italienische_Schweiz"
"2021-03-28",9.70675309303139,"tages_distanz_median_italienische_Schweiz"
"2021-03-29",14.2793205860676,"tages_distanz_median_italienische_Schweiz"
"2021-03-30",15.641403394891,"tages_distanz_median_italienische_Schweiz"
"2021-03-31",19.9213008235601,"tages_distanz_median_italienische_Schweiz"
"2021-04-01",25.0778786689258,"tages_distanz_median_italienische_Schweiz"
"2021-04-02",20.5448867214474,"tages_distanz_median_italienische_Schweiz"
"2021-04-03",15.2305512945128,"tages_distanz_median_italienische_Schweiz"
"2021-04-04",12.9221739688204,"tages_distanz_median_italienische_Schweiz"
"2021-04-05",15.2558183431087,"tages_distanz_median_italienische_Schweiz"
"2021-04-06",10.119441123975,"tages_distanz_median_italienische_Schweiz"
"2021-04-07",19.4071648949634,"tages_distanz_median_italienische_Schweiz"
"2021-04-08",23.3279922466134,"tages_distanz_median_italienische_Schweiz"
"2021-04-09",18.8179162373502,"tages_distanz_median_italienische_Schweiz"
"2021-04-10",12.1561637023926,"tages_distanz_median_italienische_Schweiz"
"2021-04-11",6.76190939000625,"tages_distanz_median_italienische_Schweiz"
"2021-04-12",11.1908273823321,"tages_distanz_median_italienische_Schweiz"
"2021-04-13",17.684515422845,"tages_distanz_median_italienische_Schweiz"
"2021-04-14",16.7054005719313,"tages_distanz_median_italienische_Schweiz"
"2021-04-15",16.7210174234508,"tages_distanz_median_italienische_Schweiz"
"2021-04-16",23.8013535662162,"tages_distanz_median_italienische_Schweiz"
"2021-04-17",15.1068280197142,"tages_distanz_median_italienische_Schweiz"
"2021-04-18",9.54760083509681,"tages_distanz_median_italienische_Schweiz"
"2021-04-19",17.0893164581437,"tages_distanz_median_italienische_Schweiz"
"2021-04-20",21.0059368040069,"tages_distanz_median_italienische_Schweiz"
"2021-04-21",15.9740222250346,"tages_distanz_median_italienische_Schweiz"
"2021-04-22",22.0384930430055,"tages_distanz_median_italienische_Schweiz"
"2021-04-23",21.9910069336621,"tages_distanz_median_italienische_Schweiz"
"2021-04-24",16.4768065883999,"tages_distanz_median_italienische_Schweiz"
"2021-04-25",8.17037466519925,"tages_distanz_median_italienische_Schweiz"
"2021-04-26",14.7315801485331,"tages_distanz_median_italienische_Schweiz"
"2021-04-27",18.7030494847626,"tages_distanz_median_italienische_Schweiz"
"2021-04-28",12.2128518856542,"tages_distanz_median_italienische_Schweiz"
"2021-04-29",13.9336361506162,"tages_distanz_median_italienische_Schweiz"
"2021-04-30",20.9135099396812,"tages_distanz_median_italienische_Schweiz"
"2021-05-01",4.79722768121885,"tages_distanz_median_italienische_Schweiz"
"2021-05-02",12.8554700523362,"tages_distanz_median_italienische_Schweiz"
"2021-05-03",17.3201039701395,"tages_distanz_median_italienische_Schweiz"
"2021-05-04",18.3463912501767,"tages_distanz_median_italienische_Schweiz"
"2021-05-05",15.0374178266015,"tages_distanz_median_italienische_Schweiz"
"2021-05-06",20.8309426431541,"tages_distanz_median_italienische_Schweiz"
"2021-05-07",22.5522517810242,"tages_distanz_median_italienische_Schweiz"
"2021-05-08",19.5257894450608,"tages_distanz_median_italienische_Schweiz"
"2021-05-09",11.3940719865466,"tages_distanz_median_italienische_Schweiz"
"2021-05-10",18.1795830218962,"tages_distanz_median_italienische_Schweiz"
"2021-05-11",13.3401934046997,"tages_distanz_median_italienische_Schweiz"
"2021-05-12",19.4177466193717,"tages_distanz_median_italienische_Schweiz"
"2021-05-13",6.86089376328919,"tages_distanz_median_italienische_Schweiz"
"2021-05-14",19.9164607952654,"tages_distanz_median_italienische_Schweiz"
"2021-05-15",14.6068898740027,"tages_distanz_median_italienische_Schweiz"
"2021-05-16",8.55447097269866,"tages_distanz_median_italienische_Schweiz"
"2021-05-17",12.815870078014,"tages_distanz_median_italienische_Schweiz"
"2021-05-18",21.1513360743773,"tages_distanz_median_italienische_Schweiz"
"2021-05-19",17.948555793095,"tages_distanz_median_italienische_Schweiz"
"2021-05-20",18.8201175161855,"tages_distanz_median_italienische_Schweiz"
"2021-05-21",24.6483053408271,"tages_distanz_median_italienische_Schweiz"
"2021-05-22",21.3391259231557,"tages_distanz_median_italienische_Schweiz"
"2021-05-23",16.2086270458941,"tages_distanz_median_italienische_Schweiz"
"2021-05-24",8.32866629350656,"tages_distanz_median_italienische_Schweiz"
"2021-05-25",20.6321125611476,"tages_distanz_median_italienische_Schweiz"
"2021-05-26",14.8664539864046,"tages_distanz_median_italienische_Schweiz"
"2021-05-27",23.740263719319,"tages_distanz_median_italienische_Schweiz"
"2021-05-28",25.8732103765265,"tages_distanz_median_italienische_Schweiz"
"2021-05-29",21.5548704782353,"tages_distanz_median_italienische_Schweiz"
"2021-05-30",15.6610982109441,"tages_distanz_median_italienische_Schweiz"
"2021-05-31",16.0805627699206,"tages_distanz_median_italienische_Schweiz"
"2021-06-01",23.680569158867,"tages_distanz_median_italienische_Schweiz"
"2021-06-02",23.2592683110321,"tages_distanz_median_italienische_Schweiz"
"2021-06-03",15.3167443257003,"tages_distanz_median_italienische_Schweiz"
"2021-06-04",29.5214317214097,"tages_distanz_median_italienische_Schweiz"
"2021-06-05",22.5954719609356,"tages_distanz_median_italienische_Schweiz"
"2021-06-06",18.8932805401836,"tages_distanz_median_italienische_Schweiz"
"2021-06-07",19.179193366585,"tages_distanz_median_italienische_Schweiz"
"2021-06-08",16.9751944571527,"tages_distanz_median_italienische_Schweiz"
"2021-06-09",19.6223205064136,"tages_distanz_median_italienische_Schweiz"
"2021-06-10",24.0920138879081,"tages_distanz_median_italienische_Schweiz"
"2021-06-11",19.9161949340109,"tages_distanz_median_italienische_Schweiz"
"2021-06-12",23.3301122856528,"tages_distanz_median_italienische_Schweiz"
"2021-06-13",12.4451915405616,"tages_distanz_median_italienische_Schweiz"
"2021-06-14",20.902145083719,"tages_distanz_median_italienische_Schweiz"
"2021-06-15",22.843632527486,"tages_distanz_median_italienische_Schweiz"
"2021-06-16",21.7394083960093,"tages_distanz_median_italienische_Schweiz"
"2021-06-17",26.86162237199,"tages_distanz_median_italienische_Schweiz"
"2021-06-18",35.1008913528837,"tages_distanz_median_italienische_Schweiz"
"2021-06-19",21.9641697996521,"tages_distanz_median_italienische_Schweiz"
"2021-06-20",14.3352894826817,"tages_distanz_median_italienische_Schweiz"
"2021-06-21",16.2043510873882,"tages_distanz_median_italienische_Schweiz"
"2021-06-22",20.7243985095542,"tages_distanz_median_italienische_Schweiz"
"2021-06-23",16.9832197849231,"tages_distanz_median_italienische_Schweiz"
"2021-06-24",28.3008160378146,"tages_distanz_median_italienische_Schweiz"
"2021-06-25",38.8908652016586,"tages_distanz_median_italienische_Schweiz"
"2021-06-26",27.8899585104217,"tages_distanz_median_italienische_Schweiz"
"2021-06-27",21.1815501594103,"tages_distanz_median_italienische_Schweiz"
"2021-06-28",28.2179140807497,"tages_distanz_median_italienische_Schweiz"
"2021-06-29",22.8475988189101,"tages_distanz_median_italienische_Schweiz"
"2021-06-30",19.9352554433955,"tages_distanz_median_italienische_Schweiz"
"2021-07-01",27.732330026838,"tages_distanz_median_italienische_Schweiz"
"2021-07-02",36.3804191471345,"tages_distanz_median_italienische_Schweiz"
"2021-07-03",29.2642679714549,"tages_distanz_median_italienische_Schweiz"
"2021-07-04",10.4721274638712,"tages_distanz_median_italienische_Schweiz"
